"No","Team Name","from date","to date","week","PV Target","PV Actual","Articles","gap"," Target gap%","PV Actual"
"1","Online Web","2025-12-29","2026-01-04","week1","103,600","36,644","136","66,956","64.63%","36,644"
"1","Online Originals","2025-12-29","2026-01-04","week1","23,100","1,471","10","21,629","93.63%","1,471"
"1","Channel","2025-12-29","2026-01-04","week1","20,300","907","18","19,393","95.53%","907"
"1","รายการเศรษฐกิจ","2025-12-29","2026-01-04","week1","20,300","1,395","69","18,905","93.13%","1,395"
"1","World","2025-12-29","2026-01-04","week1","23,100","8,898","55","14,202","61.48%","8,898"
"1","Wealth","2025-12-29","2026-01-04","week1","20,300","786","16","19,514","96.13%","786"
"1","Health","2025-12-29","2026-01-04","week1","20,300","2,215","26","18,085","89.09%","2,215"
"1","Tech","2025-12-29","2026-01-04","week1","23,100","15,690","48","7,410","32.08%","15,690"
"1","Earth","2025-12-29","2026-01-04","week1","20,300","3,193","57","17,107","84.27%","3,193"
"1","Outsource","2025-12-29","2026-01-04","week1","14,700","562","4","14,138","96.18%","562"
"1","TVS","2025-12-29","2026-01-04","week1","0","4,277","60","-4,277","0.00%","4,277"
"1","Online Web","2026-01-05","2026-01-11","week2","103,600","25,963","173","77,637","74.94%","25,963"
"1","Online Originals","2026-01-05","2026-01-11","week2","23,100","1,193","13","21,907","94.84%","1,193"
"1","Channel","2026-01-05","2026-01-11","week2","20,300","6,784","48","13,516","66.58%","6,784"
"1","รายการเศรษฐกิจ","2026-01-05","2026-01-11","week2","20,300","3,197","70","17,103","84.25%","3,197"
"1","World","2026-01-05","2026-01-11","week2","23,100","4,605","51","18,495","80.06%","4,605"
"1","Wealth","2026-01-05","2026-01-11","week2","20,300","4,849","69","15,451","76.11%","4,849"
"1","Health","2026-01-05","2026-01-11","week2","20,300","8,504","29","11,796","58.11%","8,504"
"1","Tech","2026-01-05","2026-01-11","week2","23,100","6,582","55","16,518","71.51%","6,582"
"1","Earth","2026-01-05","2026-01-11","week2","20,300","4,345","60","15,955","78.60%","4,345"
"1","Outsource","2026-01-05","2026-01-11","week2","14,700","542","2","14,158","96.31%","542"
"1","TVS","2026-01-05","2026-01-11","week2","0","15,425","96","-15,425","0.00%","15,425"
"1","Online Web","2026-01-12","2026-01-18","week3","103,600","39,282","176","64,318","62.08%","39,282"
"1","Online Originals","2026-01-12","2026-01-18","week3","23,100","1,605","10","21,495","93.05%","1,605"
"1","Channel","2026-01-12","2026-01-18","week3","20,300","1,758","38","18,542","91.34%","1,758"
"1","รายการเศรษฐกิจ","2026-01-12","2026-01-18","week3","20,300","2,902","74","17,398","85.70%","2,902"
"1","World","2026-01-12","2026-01-18","week3","23,100","7,470","60","15,630","67.66%","7,470"
"1","Wealth","2026-01-12","2026-01-18","week3","20,300","4,022","77","16,278","80.19%","4,022"
"1","Health","2026-01-12","2026-01-18","week3","20,300","3,693","31","16,607","81.81%","3,693"
"1","Tech","2026-01-12","2026-01-18","week3","23,100","9,868","56","13,232","57.28%","9,868"
"1","Earth","2026-01-12","2026-01-18","week3","20,300","6,750","61","13,550","66.75%","6,750"
"1","Outsource","2026-01-12","2026-01-18","week3","14,700","256","1","14,444","98.26%","256"
"1","TVS","2026-01-12","2026-01-18","week3","0","7,361","85","-7,361","0.00%","7,361"
"1","Online Web","2026-01-19","2026-01-25","week4","103,600","28,313","162","75,287","72.67%","28,313"
"1","Online Originals","2026-01-19","2026-01-25","week4","23,100","1,555","16","21,545","93.27%","1,555"
"1","Channel","2026-01-19","2026-01-25","week4","20,300","3,039","41","17,261","85.03%","3,039"
"1","รายการเศรษฐกิจ","2026-01-19","2026-01-25","week4","20,300","3,510","76","16,790","82.71%","3,510"
"1","World","2026-01-19","2026-01-25","week4","23,100","6,367","54","16,733","72.44%","6,367"
"1","Wealth","2026-01-19","2026-01-25","week4","20,300","4,688","43","15,612","76.91%","4,688"
"1","Health","2026-01-19","2026-01-25","week4","20,300","4,514","31","15,786","77.76%","4,514"
"1","Tech","2026-01-19","2026-01-25","week4","23,100","4,278","45","18,822","81.48%","4,278"
"1","Earth","2026-01-19","2026-01-25","week4","20,300","6,661","64","13,639","67.19%","6,661"
"1","Outsource","2026-01-19","2026-01-25","week4","14,700","68","1","14,632","99.54%","68"
"1","TVS","2026-01-19","2026-01-25","week4","0","11,845","77","-11,845","0.00%","11,845"
"1","Online Web","2026-01-26","2026-02-01","week5","103,600","48,951","164","54,649","52.75%","48,951"
"1","Online Originals","2026-01-26","2026-02-01","week5","23,100","878","9","22,222","96.20%","878"
"1","Channel","2026-01-26","2026-02-01","week5","20,300","3,186","44","17,114","84.31%","3,186"
"1","รายการเศรษฐกิจ","2026-01-26","2026-02-01","week5","20,300","1,973","79","18,327","90.28%","1,973"
"1","World","2026-01-26","2026-02-01","week5","23,100","5,440","59","17,660","76.45%","5,440"
"1","Wealth","2026-01-26","2026-02-01","week5","20,300","3,534","60","16,766","82.59%","3,534"
"1","Health","2026-01-26","2026-02-01","week5","20,300","6,773","36","13,527","66.64%","6,773"
"1","Tech","2026-01-26","2026-02-01","week5","23,100","25,726","66","-2,626","-11.37%","25,726"
"1","Earth","2026-01-26","2026-02-01","week5","20,300","5,917","64","14,383","70.85%","5,917"
"1","Outsource","2026-01-26","2026-02-01","week5","14,700","4,215","7","10,485","71.33%","4,215"
"1","TVS","2026-01-26","2026-02-01","week5","0","16,412","77","-16,412","0.00%","16,412"
"1","Online Web","2026-02-02","2026-02-08","week6","103,600","67,250","190","36,350","35.09%","67,250"
"1","Online Originals","2026-02-02","2026-02-08","week6","23,100","2,146","23","20,954","90.71%","2,146"
"1","Channel","2026-02-02","2026-02-08","week6","20,300","2,613","51","17,687","87.13%","2,613"
"1","รายการเศรษฐกิจ","2026-02-02","2026-02-08","week6","20,300","2,713","79","17,587","86.64%","2,713"
"1","World","2026-02-02","2026-02-08","week6","23,100","4,955","60","18,145","78.55%","4,955"
"1","Wealth","2026-02-02","2026-02-08","week6","20,300","6,369","59","13,931","68.63%","6,369"
"1","Health","2026-02-02","2026-02-08","week6","20,300","7,104","33","13,196","65.00%","7,104"
"1","Tech","2026-02-02","2026-02-08","week6","23,100","4,703","63","18,397","79.64%","4,703"
"1","Earth","2026-02-02","2026-02-08","week6","20,300","3,766","59","16,534","81.45%","3,766"
"1","Outsource","2026-02-02","2026-02-08","week6","14,700","104","2","14,596","99.29%","104"
"1","TVS","2026-02-02","2026-02-08","week6","0","11,067","89","-11,067","0.00%","11,067"
"1","Online Web","2026-02-09","2026-02-15","week7","103,600","98,911","178","4,689","4.53%","98,911"
"1","Online Originals","2026-02-09","2026-02-15","week7","23,100","2,631","21","20,469","88.61%","2,631"
"1","Channel","2026-02-09","2026-02-15","week7","20,300","4,748","41","15,552","76.61%","4,748"
"1","รายการเศรษฐกิจ","2026-02-09","2026-02-15","week7","20,300","4,647","101","15,653","77.11%","4,647"
"1","World","2026-02-09","2026-02-15","week7","23,100","4,876","52","18,224","78.89%","4,876"
"1","Wealth","2026-02-09","2026-02-15","week7","20,300","5,163","72","15,137","74.57%","5,163"
"1","Health","2026-02-09","2026-02-15","week7","20,300","3,735","35","16,565","81.60%","3,735"
"1","Tech","2026-02-09","2026-02-15","week7","23,100","30,944","68","-7,844","-33.96%","30,944"
"1","Earth","2026-02-09","2026-02-15","week7","20,300","10,325","63","9,975","49.14%","10,325"
"1","Outsource","2026-02-09","2026-02-15","week7","14,700","830","8","13,870","94.35%","830"
"1","TVS","2026-02-09","2026-02-15","week7","0","79,378","85","-79,378","0.00%","79,378"
"1","Online Web","2026-02-16","2026-02-22","week8","103,600","26,933","155","76,667","74.00%","26,933"
"1","Online Originals","2026-02-16","2026-02-22","week8","23,100","1,341","9","21,759","94.19%","1,341"
"1","Channel","2026-02-16","2026-02-22","week8","20,300","2,417","25","17,883","88.09%","2,417"
"1","รายการเศรษฐกิจ","2026-02-16","2026-02-22","week8","20,300","3,391","77","16,909","83.30%","3,391"
"1","World","2026-02-16","2026-02-22","week8","23,100","6,166","59","16,934","73.31%","6,166"
"1","Wealth","2026-02-16","2026-02-22","week8","20,300","6,157","81","14,143","69.67%","6,157"
"1","Health","2026-02-16","2026-02-22","week8","20,300","7,513","38","12,787","62.99%","7,513"
"1","Tech","2026-02-16","2026-02-22","week8","23,100","3,756","59","19,344","83.74%","3,756"
"1","Earth","2026-02-16","2026-02-22","week8","20,300","4,949","57","15,351","75.62%","4,949"
"1","Outsource","2026-02-16","2026-02-22","week8","14,700","640","3","14,060","95.65%","640"
"1","TVS","2026-02-16","2026-02-22","week8","0","8,576","87","-8,576","0.00%","8,576"
"1","Online Web","2026-02-23","2026-03-01","week9","103,600","59,271","171","44,329","42.79%","59,271"
"1","Online Originals","2026-02-23","2026-03-01","week9","23,100","1,909","19","21,191","91.74%","1,909"
"1","Channel","2026-02-23","2026-03-01","week9","20,300","2,256","40","18,044","88.89%","2,256"
"1","รายการเศรษฐกิจ","2026-02-23","2026-03-01","week9","20,300","3,465","82","16,835","82.93%","3,465"
"1","World","2026-02-23","2026-03-01","week9","23,100","7,357","53","15,743","68.15%","7,357"
"1","Wealth","2026-02-23","2026-03-01","week9","20,300","4,305","82","15,995","78.79%","4,305"
"1","Health","2026-02-23","2026-03-01","week9","20,300","4,567","33","15,733","77.50%","4,567"
"1","Tech","2026-02-23","2026-03-01","week9","23,100","4,704","55","18,396","79.64%","4,704"
"1","Earth","2026-02-23","2026-03-01","week9","20,300","4,954","62","15,346","75.60%","4,954"
"1","Outsource","2026-02-23","2026-03-01","week9","14,700","1,170","4","13,530","92.04%","1,170"
"1","TVS","2026-02-23","2026-03-01","week9","0","7,813","87","-7,813","0.00%","7,813"
"1","Online Web","2026-03-02","2026-03-08","week10","103,600","25,573","188","78,027","75.32%",""
"1","Online Originals","2026-03-02","2026-03-08","week10","23,100","1,122","14","21,978","95.14%",""
"1","Channel","2026-03-02","2026-03-08","week10","20,300","1,787","42","18,513","91.20%",""
"1","รายการเศรษฐกิจ","2026-03-02","2026-03-08","week10","20,300","3,136","75","17,164","84.55%",""
"1","World","2026-03-02","2026-03-08","week10","23,100","5,527","50","17,573","76.07%",""
"1","Wealth","2026-03-02","2026-03-08","week10","20,300","3,701","70","16,599","81.77%",""
"1","Health","2026-03-02","2026-03-08","week10","20,300","5,069","34","15,231","75.03%",""
"1","Tech","2026-03-02","2026-03-08","week10","23,100","4,418","74","18,682","80.87%",""
"1","Earth","2026-03-02","2026-03-08","week10","20,300","4,748","62","15,552","76.61%",""
"1","Outsource","2026-03-02","2026-03-08","week10","14,700","94","4","14,606","99.36%",""
"1","TVS","2026-03-02","2026-03-08","week10","0","5,451","88","-5,451","0.00%",""
"1","Online Web","2026-03-09","2026-03-15","week11","103,600","42,238","194","61,362","59.23%",""
"1","Online Originals","2026-03-09","2026-03-15","week11","23,100","1,016","10","22,906","99.16%",""
"1","Channel","2026-03-09","2026-03-15","week11","20,300","2,435","48","17,865","88.00%",""
"1","รายการเศรษฐกิจ","2026-03-09","2026-03-15","week11","20,300","2,954","99","17,346","85.45%",""
"1","World","2026-03-09","2026-03-15","week11","23,100","4,187","59","18,913","81.87%",""
"1","Wealth","2026-03-09","2026-03-15","week11","20,300","4,397","63","15,903","78.34%",""
"1","Health","2026-03-09","2026-03-15","week11","20,300","6,205","33","14,095","69.43%",""
"1","Tech","2026-03-09","2026-03-15","week11","23,100","3,576","72","19,524","84.52%",""
"1","Earth","2026-03-09","2026-03-15","week11","20,300","3,990","62","16,310","80.34%",""
"1","Outsource","2026-03-09","2026-03-15","week11","14,700","413","4","14,287","97.19%",""
"1","TVS","2026-03-09","2026-03-15","week11","0","6,562","85","-6,562","0.00%",""
"1","Online Web","2026-03-16","2026-03-22","week12","103,600","18,634","164","103,515","99.92%",""
"1","Online Originals","2026-03-16","2026-03-22","week12","23,100","713","9","22,387","96.91%",""
"1","Channel","2026-03-16","2026-03-22","week12","20,300","999","45","19,301","95.08%",""
"1","รายการเศรษฐกิจ","2026-03-16","2026-03-22","week12","20,300","3,500","111","16,800","82.76%",""
"1","World","2026-03-16","2026-03-22","week12","23,100","7,057","60","16,043","69.45%",""
"1","Wealth","2026-03-16","2026-03-22","week12","20,300","4,494","70","15,806","77.86%",""
"1","Health","2026-03-16","2026-03-22","week12","20,300","4,653","28","15,647","77.08%",""
"1","Tech","2026-03-16","2026-03-22","week12","23,100","2,457","62","20,643","89.36%",""
"1","Earth","2026-03-16","2026-03-22","week12","20,300","3,085","65","17,215","84.80%",""
"1","Outsource","2026-03-16","2026-03-22","week12","14,700","101","3","14,599","99.31%",""
"1","TVS","2026-03-16","2026-03-22","week12","0","7,365","102","-7,365","0.00%",""
"1","Online Web","2026-03-23","2026-03-29","week13","103,600","25,573","188","103,498","99.90%",""
"1","Online Originals","2026-03-23","2026-03-29","week13","23,100","1,122","14","22,912","99.19%",""
"1","Channel","2026-03-23","2026-03-29","week13","20,300","1,787","42","20,286","99.93%",""
"1","รายการเศรษฐกิจ","2026-03-23","2026-03-29","week13","20,300","3,136","75","20,258","99.79%",""
"1","World","2026-03-23","2026-03-29","week13","23,100","5,527","50","23,025","99.68%",""
"1","Wealth","2026-03-23","2026-03-29","week13","20,300","3,701","70","20,250","99.75%",""
"1","Health","2026-03-23","2026-03-29","week13","20,300","5,069","34","20,230","99.66%",""
"1","Tech","2026-03-23","2026-03-29","week13","23,100","4,418","74","23,066","99.85%",""
"1","Earth","2026-03-23","2026-03-29","week13","20,300","4,748","62","20,226","99.64%",""
"1","Outsource","2026-03-23","2026-03-29","week13","14,700","94","4","14,638","99.58%",""
"1","TVS","2026-03-23","2026-03-29","week13","0","5,451","88","-5,451","0.00%",""
"1","Online Web","","","","","","","","",""
"1","Online Originals","","","","","","","","",""
"1","Channel","","","","","","","","",""
"1","รายการเศรษฐกิจ","","","","","","","","",""
"1","World","","","","","","","","",""
"1","Wealth","","","","","","","","",""
"1","Health","","","","","","","","",""
"1","Tech","","","","","","","","",""
"1","Earth","","","","","","","","",""
"1","Outsource","","","","","","","","",""
"1","TVS","","","","","","","","",""